cutoff_year,best_params,log_loss
2018,"{""k"": 32, ""C"": 0.018110333653021393}",0.604710605329313
2019,"{""k"": 69, ""C"": 0.01172059211805436}",0.6094104404570825
2020,"{""k"": 19, ""C"": 1.1325507676814568}",0.6079206966282575
2021,"{""k"": 73, ""C"": 0.011073372397562333}",0.6080401442024972
2022,"{""k"": 80, ""C"": 0.016241472533695213}",0.604825259086593
2023,"{""k"": 61, ""C"": 0.05933246287126908}",0.6044059669015832
